{
    "Place0": {
        "NumOfLights": 2,
        "Light1": [
            0.5175922796740641,
            1.0,
            0.6346488428272815
        ],
        "Light2": [
            0.5440657056803405,
            1.0,
            0.5687875790479789
        ],
        "AD": 3.043707352435917,
        "BrightnessDiff": 844.4897039776247,
        "CoeffVariance": 0.0665966687321153,
        "CoeffSTD": 0.2580633037301416
    },
    "Place1": {
        "NumOfLights": 2,
        "Light1": [
            0.5284309292335518,
            1.0,
            0.6115758534931043
        ],
        "Light2": [
            0.54210004952947,
            1.0,
            0.5680676431047902
        ],
        "AD": 1.9399371607519056,
        "BrightnessDiff": 1121.6666666666667,
        "CoeffVariance": 0.10017479195192766,
        "CoeffSTD": 0.31650401569636943
    },
    "Place2": {
        "NumOfLights": 2,
        "Light1": [
            0.5509923803904414,
            1.0,
            0.5026500778237826
        ],
        "Light2": [
            0.5564464063180338,
            1.0,
            0.5347807155833821
        ],
        "AD": 1.3039915473290171,
        "BrightnessDiff": 241.9419873948817,
        "CoeffVariance": 0.05182079570110437,
        "CoeffSTD": 0.22764181448298196
    },
    "Place3": {
        "NumOfLights": 2,
        "Light1": [
            0.5607920792079208,
            1.0,
            0.4951143114311431
        ],
        "Light2": [
            0.5471243255653772,
            1.0,
            0.542499631008413
        ],
        "AD": 2.163969648405119,
        "BrightnessDiff": 191.78775869660942,
        "CoeffVariance": 0.05194936846778195,
        "CoeffSTD": 0.22792404100441432
    },
    "Place4": {
        "NumOfLights": 2,
        "Light1": [
            0.6370686638202562,
            1.0,
            0.46820186183243506
        ],
        "Light2": [
            0.559202920093813,
            1.0,
            0.5369140818551185
        ],
        "AD": 4.666689404921088,
        "BrightnessDiff": 323.6455966858212,
        "CoeffVariance": 0.029064648918750664,
        "CoeffSTD": 0.17048357375052492
    },
    "Place5": {
        "NumOfLights": 2,
        "Light1": [
            0.6448462821140079,
            1.0,
            0.48067418198520234
        ],
        "Light2": [
            0.6033343729620914,
            1.0,
            0.5184014290169837
        ],
        "AD": 2.497888412737029,
        "BrightnessDiff": 316.75423234092233,
        "CoeffVariance": 0.031100410254026066,
        "CoeffSTD": 0.17635308405022598
    },
    "Place6": {
        "NumOfLights": 2,
        "Light1": [
            0.48925302294044526,
            1.0,
            0.620160470109617
        ],
        "Light2": [
            0.5570266645338321,
            1.0,
            0.560078258622599
        ],
        "AD": 4.073010353086365,
        "BrightnessDiff": 183.679511809244,
        "CoeffVariance": 0.017267057617008717,
        "CoeffSTD": 0.1314041765584668
    },
    "Place7": {
        "NumOfLights": 2,
        "Light1": [
            0.4660612191327396,
            1.0,
            0.6506373525061943
        ],
        "Light2": [
            0.556167321616214,
            1.0,
            0.5710584272574167
        ],
        "AD": 5.383073558677364,
        "BrightnessDiff": 44.477665452357016,
        "CoeffVariance": 0.02691370122928282,
        "CoeffSTD": 0.16405395828593355
    },
    "Place8": {
        "NumOfLights": 2,
        "Light1": [
            0.45026841730806544,
            1.0,
            0.5748011124765539
        ],
        "Light2": [
            0.5661820499590251,
            1.0,
            0.5666069748383767
        ],
        "AD": 4.911330940499063,
        "BrightnessDiff": 53.1780618503454,
        "CoeffVariance": 0.03589562648548582,
        "CoeffSTD": 0.18946141160005597
    },
    "Place9": {
        "NumOfLights": 2,
        "Light1": [
            0.6064441251243506,
            1.0,
            0.5366419807671051
        ],
        "Light2": [
            0.5781034192353041,
            1.0,
            0.5162876873842007
        ],
        "AD": 1.23221716245577,
        "BrightnessDiff": 164.0599093622195,
        "CoeffVariance": 0.038703430198580135,
        "CoeffSTD": 0.1967318738755368
    }
}